사용월,호선명,역ID,지하철역,유임승차,유임하차,무임승차,무임하차
May-23,1호선,150,서울역,1383395 ,1317062 ,221340 ,211295 
May-23,1호선,151,시청,672017 ,683164 ,93371 ,92606 
May-23,1호선,152,종각,961459 ,938722 ,154073 ,143949 
May-23,1호선,153,종로3가,513730 ,454635 ,318832 ,294026 
May-23,1호선,154,종로5가,492324 ,489056 ,275274 ,264438 
May-23,1호선,155,동대문,237662 ,228809 ,131381 ,131438 
May-23,1호선,156,신설동,294047 ,283536 ,120978 ,116895 
May-23,1호선,157,제기동,237588 ,227570 ,281634 ,302727 
May-23,1호선,158,청량리(서울시립대입구),354304 ,350667 ,268576 ,269941 
May-23,1호선,159,동묘앞,146784 ,154602 ,161080 ,163899 
May-23,2호선,201,시청,671046 ,633834 ,60018 ,54991 
May-23,2호선,202,을지로입구,1240802 ,1268374 ,103975 ,96307 
May-23,2호선,203,을지로3가,621118 ,607268 ,77106 ,75004 
May-23,2호선,204,을지로4가,317071 ,328403 ,81932 ,80824 
May-23,2호선,205,동대문역사문화공원(DDP),381719 ,441176 ,61801 ,67181 
May-23,2호선,206,신당,343211 ,362899 ,98679 ,100893 
May-23,2호선,207,상왕십리,355270 ,337678 ,69426 ,69879 
May-23,2호선,208,왕십리(성동구청),434259 ,377655 ,54368 ,48414 
May-23,2호선,209,한양대,376138 ,426614 ,15364 ,16240 
May-23,2호선,210,뚝섬,624420 ,656231 ,62969 ,63123 
May-23,2호선,211,성수,1033035 ,1157050 ,104553 ,106603 
May-23,2호선,212,건대입구,1066115 ,1124784 ,97476 ,101408 
May-23,2호선,213,구의(광진구청),595610 ,575231 ,107943 ,109168 
May-23,2호선,214,강변(동서울터미널),851805 ,808389 ,128510 ,123763 
May-23,2호선,215,잠실나루,343051 ,329945 ,91899 ,91936 
May-23,2호선,216,잠실(송파구청),2100551 ,2071419 ,218443 ,206352 
May-23,2호선,217,잠실새내,570990 ,571206 ,117157 ,115499 
May-23,2호선,218,종합운동장,375767 ,423597 ,61106 ,64926 
May-23,2호선,219,삼성(무역센터),1444890 ,1463501 ,121333 ,113387 
May-23,2호선,220,선릉,1300842 ,1150081 ,224684 ,197318 
May-23,2호선,221,역삼,1204572 ,1392729 ,147709 ,151255 
May-23,2호선,222,강남,2117612 ,2063949 ,158849 ,139697 
May-23,2호선,223,교대(법원.검찰청),729435 ,878560 ,151054 ,179796 
May-23,2호선,224,서초,537205 ,508254 ,87787 ,87348 
May-23,2호선,225,방배,457407 ,477256 ,80577 ,79690 
May-23,2호선,226,사당,961741 ,1092785 ,213403 ,205084 
May-23,2호선,227,낙성대(강감찬),717807 ,690354 ,111464 ,112570 
May-23,2호선,228,서울대입구(관악구청),1227696 ,1192751 ,183189 ,174741 
May-23,2호선,229,봉천,555986 ,506606 ,152660 ,152592 
May-23,2호선,230,신림,1486621 ,1430333 ,207915 ,205626 
May-23,2호선,231,신대방,637972 ,607814 ,135960 ,137376 
May-23,2호선,232,구로디지털단지,1465443 ,1441688 ,189668 ,189349 
May-23,2호선,233,대림(구로구청),601076 ,611787 ,133884 ,137744 
May-23,2호선,234,신도림,1254775 ,1243615 ,221507 ,207891 
May-23,2호선,235,문래,526008 ,548868 ,88429 ,87413 
May-23,2호선,236,영등포구청,510362 ,529357 ,102450 ,101964 
May-23,2호선,237,당산,492385 ,571653 ,61450 ,67686 
May-23,2호선,238,합정,908785 ,1001108 ,72532 ,73403 
May-23,2호선,239,홍대입구,1993284 ,2145437 ,101797 ,98680 
May-23,2호선,240,신촌,1080312 ,1058211 ,125929 ,117209 
May-23,2호선,241,이대,486035 ,529891 ,50554 ,53682 
May-23,2호선,242,아현,263745 ,244434 ,67189 ,65829 
May-23,2호선,243,충정로(경기대입구),238875 ,254063 ,49045 ,49070 
May-23,2호선,244,용답,72398 ,73495 ,18155 ,17929 
May-23,2호선,245,신답,38662 ,42588 ,10323 ,10939 
May-23,2호선,246,신설동,83106 ,77870 ,32146 ,33481 
May-23,2호선,247,도림천,27364 ,28286 ,8500 ,9452 
May-23,2호선,248,양천구청,155211 ,162240 ,53465 ,54283 
May-23,2호선,249,신정네거리,230960 ,238543 ,76202 ,78054 
May-23,2호선,250,용두(동대문구청),47140 ,45202 ,24320 ,25103 
May-23,3호선,309,지축,158635 ,156695 ,35103 ,33762 
May-23,3호선,310,구파발,516140 ,506723 ,131742 ,127185 
May-23,3호선,311,연신내,789420 ,744785 ,269133 ,260293 
May-23,3호선,312,불광,355320 ,381723 ,146088 ,162131 
May-23,3호선,313,녹번,389990 ,344517 ,83066 ,82148 
May-23,3호선,314,홍제,405884 ,380680 ,151305 ,148747 
May-23,3호선,315,무악재,97477 ,94765 ,33253 ,35664 
May-23,3호선,316,독립문,158898 ,167886 ,75724 ,77110 
May-23,3호선,317,경복궁(정부서울청사),706851 ,715344 ,105604 ,106019 
May-23,3호선,318,안국,689428 ,718617 ,110348 ,114844 
May-23,3호선,319,종로3가,242575 ,297204 ,64620 ,73049 
May-23,3호선,320,을지로3가,279924 ,285903 ,50345 ,48237 
May-23,3호선,321,충무로,50 ,0 ,3 ,0 
May-23,3호선,322,동대입구,306865 ,349505 ,43215 ,47897 
May-23,3호선,323,약수,307100 ,297734 ,86861 ,81379 
May-23,3호선,324,금호,184230 ,165617 ,56278 ,55093 
May-23,3호선,325,옥수,209570 ,213696 ,63146 ,63050 
May-23,3호선,326,압구정,781814 ,854246 ,144534 ,142422 
May-23,3호선,327,신사,743884 ,782526 ,70795 ,68732 
May-23,3호선,328,잠원,119249 ,111858 ,31619 ,30167 
May-23,3호선,329,고속터미널,1354650 ,1279714 ,219051 ,208463 
May-23,3호선,330,교대(법원.검찰청),388976 ,231425 ,82728 ,46227 
May-23,3호선,331,남부터미널(예술의전당),746961 ,760243 ,128767 ,129961 
May-23,3호선,332,양재(서초구청),887129 ,989603 ,156561 ,157217 
May-23,3호선,333,매봉,276710 ,269945 ,67904 ,64035 
May-23,3호선,334,도곡,129339 ,132522 ,26126 ,25026 
May-23,3호선,335,대치,287300 ,281852 ,71156 ,68791 
May-23,3호선,336,학여울,53200 ,54311 ,16152 ,16300 
May-23,3호선,337,대청,238073 ,222839 ,62776 ,60710 
May-23,3호선,338,일원,239581 ,228199 ,71582 ,71212 
May-23,3호선,339,수서,431359 ,441278 ,120246 ,118284 
May-23,3호선,340,가락시장,181628 ,178066 ,80186 ,78255 
May-23,3호선,341,경찰병원,165081 ,163476 ,44420 ,45760 
May-23,3호선,342,오금,155687 ,140548 ,32775 ,31847 
May-23,4호선,409,당고개,207624 ,177237 ,81020 ,79979 
May-23,4호선,410,상계,452735 ,412206 ,132795 ,129088 
May-23,4호선,411,노원,487196 ,564063 ,98458 ,95911 
May-23,4호선,412,창동,548476 ,581526 ,218888 ,224071 
May-23,4호선,413,쌍문,693436 ,628025 ,179690 ,176714 
May-23,4호선,414,수유(강북구청),836789 ,835546 ,207178 ,207820 
May-23,4호선,415,미아(서울사이버대학),347816 ,329716 ,119911 ,121961 
May-23,4호선,416,미아사거리,619104 ,604048 ,193514 ,192867 
May-23,4호선,417,길음,542458 ,542637 ,127561 ,128589 
May-23,4호선,418,성신여대입구(돈암),581791 ,556901 ,93883 ,90398 
May-23,4호선,419,한성대입구(삼선교),378591 ,365441 ,81660 ,80084 
May-23,4호선,420,혜화,1004129 ,1016757 ,141136 ,138908 
May-23,4호선,421,동대문,451987 ,469525 ,172062 ,165668 
May-23,4호선,422,동대문역사문화공원(DDP),495131 ,429560 ,65869 ,58993 
May-23,4호선,423,충무로,763111 ,788008 ,120904 ,123438 
May-23,4호선,424,명동,875037 ,935289 ,78093 ,80687 
May-23,4호선,425,회현(남대문시장),594935 ,626756 ,224133 ,222992 
May-23,4호선,426,서울역,310574 ,572223 ,41375 ,56214 
May-23,4호선,427,숙대입구(갈월),404723 ,383573 ,58162 ,53765 
May-23,4호선,428,삼각지,147404 ,173854 ,26098 ,27465 
May-23,4호선,429,신용산,479983 ,511793 ,57655 ,58555 
May-23,4호선,430,이촌(국립중앙박물관),219632 ,243183 ,54180 ,56416 
May-23,4호선,431,동작(현충원),36800 ,42954 ,16436 ,17186 
May-23,4호선,432,총신대입구(이수),411777 ,452020 ,158974 ,165562 
May-23,4호선,433,사당,701156 ,610333 ,104675 ,105710 
May-23,4호선,434,남태령,31861 ,25028 ,9447 ,8833 
May-23,경부선,1001,서울역,278170 ,81185 ,17839 ,3712 
May-23,경부선,1002,남영,268460 ,278265 ,39436 ,40474 
May-23,경부선,1003,용산,1148553 ,1166315 ,144978 ,142875 
May-23,경부선,1004,노량진,230100 ,229145 ,44860 ,42293 
May-23,경부선,1005,대방,258083 ,286713 ,59869 ,61597 
May-23,경부선,1006,영등포,1008789 ,1039587 ,290318 ,290048 
May-23,경부선,1007,신도림,90723 ,93073 ,26718 ,31790 
May-23,경부선,1032,신길,221542 ,184533 ,49348 ,45924 
May-23,경부선,1701,구로,437468 ,454221 ,104435 ,100941 
May-23,경부선,1702,가산디지털단지,431698 ,517954 ,39535 ,44363 
May-23,경부선,1703,금천구청,266066 ,265278 ,87378 ,88899 
May-23,경부선,1704,석수,233138 ,208537 ,53023 ,50420 
May-23,경부선,1705,관악,180881 ,167472 ,60415 ,58637 
May-23,경부선,1706,안양,654326 ,651005 ,129349 ,133301 
May-23,경부선,1707,명학,234100 ,229179 ,44528 ,43531 
May-23,경부선,1708,금정,709004 ,715397 ,131272 ,132437 
May-23,경부선,1709,군포,175310 ,169368 ,39343 ,38129 
May-23,경부선,1710,의왕,231526 ,227759 ,48281 ,48058 
May-23,경부선,1711,성균관대,418965 ,415674 ,58716 ,59382 
May-23,경부선,1712,화서,214810 ,206787 ,48971 ,47767 
May-23,경부선,1713,수원,1091758 ,1152448 ,161478 ,163793 
May-23,경부선,1714,독산,438052 ,443254 ,70297 ,72223 
May-23,경부선,1715,세류,86179 ,78883 ,17734 ,17015 
May-23,경부선,1716,병점,440068 ,443808 ,74354 ,74743 
May-23,경부선,1717,세마,78973 ,74998 ,17021 ,15879 
May-23,경부선,1718,오산대,109327 ,101842 ,21015 ,19994 
May-23,경부선,1719,오산,287577 ,288229 ,52169 ,53651 
May-23,경부선,1720,진위,44906 ,38274 ,10928 ,10358 
May-23,경부선,1721,송탄,131146 ,129763 ,22872 ,22344 
May-23,경부선,1722,서정리,244228 ,227028 ,37330 ,35912 
May-23,경부선,1723,평택지제,125942 ,121306 ,14462 ,14483 
May-23,경부선,1724,평택,388637 ,396699 ,72475 ,71256 
May-23,경부선,1725,성환,166718 ,162074 ,22443 ,22120 
May-23,경부선,1726,직산,24455 ,24101 ,5989 ,5695 
May-23,경부선,1727,두정,233811 ,254895 ,26746 ,27207 
May-23,경부선,1728,천안,196740 ,178931 ,59513 ,59653 
May-23,경부선,1729,당정,164802 ,156141 ,33856 ,32455 
May-23,경부선,1749,서동탄,36395 ,33080 ,8318 ,7999 
May-23,경부선,1750,광명,107880 ,89576 ,11480 ,10621 
May-23,경인선,1801,개봉,504244 ,477779 ,168576 ,173929 
May-23,경인선,1802,오류동,265988 ,240232 ,95777 ,93902 
May-23,경인선,1803,역곡,715503 ,699775 ,162795 ,167265 
May-23,경인선,1804,부천,784094 ,784391 ,224608 ,227533 
May-23,경인선,1805,송내,676057 ,668829 ,134442 ,132767 
May-23,경인선,1806,부평,759938 ,816920 ,151733 ,154782 
May-23,경인선,1807,백운,148443 ,143129 ,61158 ,62118 
May-23,경인선,1808,동암,381810 ,379530 ,111560 ,112629 
May-23,경인선,1809,주안,507701 ,460195 ,99946 ,88542 
May-23,경인선,1810,제물포,263089 ,247179 ,69073 ,68398 
May-23,경인선,1811,동인천,321559 ,303074 ,132423 ,128339 
May-23,경인선,1812,인천,93508 ,70228 ,43757 ,39457 
May-23,경인선,1813,구일,214465 ,216400 ,48170 ,47455 
May-23,경인선,1814,소사,192899 ,192954 ,68805 ,69284 
May-23,경인선,1815,부개,200602 ,181573 ,71857 ,70218 
May-23,경인선,1816,간석,132277 ,124313 ,48080 ,46258 
May-23,경인선,1817,도원,78311 ,78184 ,33673 ,35773 
May-23,경인선,1821,온수(성공회대입구),158601 ,147051 ,54711 ,52701 
May-23,경인선,1822,중동,206166 ,187478 ,75772 ,74351 
May-23,경인선,1823,도화,86057 ,76257 ,42188 ,41080 
May-23,경원선,1008,이촌(국립중앙박물관),94755 ,69385 ,31942 ,27622 
May-23,경원선,1009,서빙고,55218 ,49910 ,19949 ,19051 
May-23,경원선,1010,한남,92206 ,88849 ,31431 ,29472 
May-23,경원선,1011,옥수,1792 ,1340 ,166 ,82 
May-23,경원선,1012,응봉,43037 ,35375 ,18507 ,16703 
May-23,경원선,1013,왕십리(성동구청),437204 ,442769 ,74025 ,76889 
May-23,경원선,1014,청량리(서울시립대입구),385775 ,393433 ,157488 ,163623 
May-23,경원선,1016,외대앞,268051 ,262618 ,47614 ,48552 
May-23,경원선,1017,신이문,184032 ,165123 ,72245 ,69839 
May-23,경원선,1018,석계,183830 ,206325 ,65418 ,70623 
May-23,경원선,1019,광운대,215983 ,208527 ,56797 ,56028 
May-23,경원선,1020,월계,169852 ,153979 ,66465 ,63575 
May-23,경원선,1021,녹천,98313 ,79663 ,40035 ,36797 
May-23,경원선,1022,창동,15 ,0 ,0 ,0 
May-23,경원선,1901,방학,193119 ,186150 ,113990 ,112797 
May-23,경원선,1902,도봉,106224 ,98751 ,75125 ,73996 
May-23,경원선,1903,도봉산,139048 ,79851 ,125003 ,99568 
May-23,경원선,1904,망월사,206699 ,206726 ,76401 ,78281 
May-23,경원선,1905,회룡,238340 ,236294 ,157966 ,156358 
May-23,경원선,1906,의정부,472313 ,495102 ,123526 ,126464 
May-23,경원선,1907,가능,147068 ,138783 ,61454 ,61148 
May-23,경원선,1908,녹양,103853 ,97971 ,42058 ,39886 
May-23,경원선,1909,양주,187366 ,175059 ,60131 ,58004 
May-23,경원선,1910,덕계,108635 ,95257 ,31585 ,29973 
May-23,경원선,1911,덕정,154067 ,145691 ,38983 ,38933 
May-23,경원선,1912,지행,163039 ,163449 ,49610 ,49119 
May-23,경원선,1913,동두천중앙,59982 ,57722 ,37902 ,37713 
May-23,경원선,1914,보산,36849 ,33506 ,14383 ,13677 
May-23,경원선,1915,동두천,52039 ,55113 ,25365 ,31148 
May-23,경원선,1916,소요산,35396 ,28218 ,61904 ,55003 
May-23,안산선,1751,산본,383038 ,418622 ,114290 ,115572 
May-23,안산선,1752,대야미,121751 ,107142 ,35553 ,33428 
May-23,안산선,1753,반월,100233 ,95768 ,34198 ,33473 
May-23,안산선,1754,상록수,418129 ,420820 ,76038 ,77603 
May-23,안산선,1755,한대앞,267249 ,267597 ,46979 ,48155 
May-23,안산선,1756,중앙,516500 ,547986 ,68845 ,67362 
May-23,안산선,1757,고잔,242010 ,231304 ,40239 ,38891 
May-23,안산선,1758,초지,141791 ,141894 ,20230 ,20069 
May-23,안산선,1759,안산,338194 ,313627 ,40893 ,38525 
May-23,안산선,1760,신길온천,50094 ,45153 ,11333 ,11038 
May-23,안산선,1761,정왕,289092 ,293619 ,31008 ,32628 
May-23,안산선,1762,오이도,226941 ,223674 ,41309 ,40940 
May-23,안산선,1763,수리산,92044 ,74042 ,35689 ,34646 
May-23,과천선,1450,선바위,199976 ,172339 ,40152 ,38974 
May-23,과천선,1451,경마공원,104034 ,106704 ,73462 ,73493 
May-23,과천선,1452,대공원,140572 ,141813 ,66696 ,68390 
May-23,과천선,1453,과천,150985 ,137015 ,48176 ,45192 
May-23,과천선,1454,정부과천청사,260213 ,269522 ,57916 ,58113 
May-23,과천선,1455,인덕원,611097 ,618468 ,126728 ,129557 
May-23,과천선,1456,평촌,436415 ,424466 ,71816 ,71963 
May-23,과천선,1457,범계,689308 ,695323 ,122070 ,120213 
May-23,분당선,1023,선릉,303168 ,473926 ,44754 ,59705 
May-23,분당선,1024,한티,386761 ,405743 ,73368 ,74534 
May-23,분당선,1025,도곡,158660 ,153530 ,55578 ,52090 
May-23,분당선,1026,구룡,59073 ,55317 ,18802 ,18101 
May-23,분당선,1027,개포동,107228 ,109415 ,36242 ,37133 
May-23,분당선,1028,대모산입구,126591 ,114987 ,37745 ,37305 
May-23,분당선,1030,수서,363643 ,373148 ,74435 ,77345 
May-23,분당선,1031,복정,25 ,0 ,1 ,0 
May-23,분당선,1846,수원,228532 ,197628 ,35026 ,31991 
May-23,분당선,1847,서울숲,363981 ,376659 ,37002 ,36201 
May-23,분당선,1848,압구정로데오,538212 ,612822 ,49083 ,47411 
May-23,분당선,1849,강남구청,227128 ,264959 ,39948 ,43554 
May-23,분당선,1850,선정릉,179779 ,190600 ,33321 ,32992 
May-23,분당선,1851,가천대,320687 ,332793 ,30070 ,30648 
May-23,분당선,1852,태평,310174 ,290893 ,98289 ,103172 
May-23,분당선,1853,모란,447819 ,445695 ,190435 ,205936 
May-23,분당선,1854,야탑,600404 ,641850 ,168939 ,169766 
May-23,분당선,1855,서현,598590 ,611026 ,133642 ,129045 
May-23,분당선,1856,수내,330114 ,327270 ,84545 ,82642 
May-23,분당선,1857,정자,455498 ,475882 ,79446 ,79727 
May-23,분당선,1858,미금,331455 ,352035 ,111330 ,119723 
May-23,분당선,1859,오리,258434 ,211395 ,76858 ,66557 
May-23,분당선,1860,이매,139936 ,129869 ,45190 ,44687 
May-23,분당선,1861,보정,59158 ,51540 ,22613 ,21657 
May-23,분당선,1862,죽전,364837 ,405219 ,77135 ,80960 
May-23,분당선,1863,구성,111780 ,119556 ,40564 ,40874 
May-23,분당선,1864,신갈,106278 ,104780 ,31997 ,32131 
May-23,분당선,1865,기흥,282337 ,265363 ,46667 ,45711 
May-23,분당선,1866,상갈,138589 ,132877 ,34456 ,33441 
May-23,분당선,1867,청명,112588 ,107974 ,22319 ,22302 
May-23,분당선,1868,영통,248100 ,250995 ,34669 ,34620 
May-23,분당선,1869,망포,409846 ,392935 ,42914 ,41335 
May-23,분당선,1870,매탄권선,140420 ,134440 ,24262 ,23336 
May-23,분당선,1871,수원시청,354715 ,392629 ,48144 ,49764 
May-23,분당선,1872,매교,119146 ,116662 ,25881 ,26113 
May-23,일산선,1948,원흥,280115 ,264504 ,68101 ,65275 
May-23,일산선,1949,지축,12 ,0 ,0 ,0 
May-23,일산선,1950,삼송,491718 ,469605 ,104976 ,106385 
May-23,일산선,1951,원당,256572 ,236987 ,88372 ,87375 
May-23,일산선,1952,화정,395951 ,402306 ,126456 ,128793 
May-23,일산선,1953,대곡,51141 ,38871 ,13650 ,12458 
May-23,일산선,1954,백석,216799 ,217078 ,76124 ,74999 
May-23,일산선,1955,마두,152595 ,155491 ,71678 ,73176 
May-23,일산선,1956,정발산,185459 ,196913 ,82678 ,79725 
May-23,일산선,1957,주엽,192021 ,189446 ,94892 ,98012 
May-23,일산선,1958,대화,325425 ,248058 ,89762 ,82111 
May-23,중앙선,1015,회기,758312 ,729456 ,133704 ,130825 
May-23,중앙선,1201,중랑,123415 ,115656 ,56023 ,54624 
May-23,중앙선,1202,상봉(시외버스터미널),138108 ,136849 ,44154 ,43010 
May-23,중앙선,1203,망우,167785 ,159591 ,77749 ,78911 
May-23,중앙선,1204,양원,70013 ,67541 ,23322 ,23283 
May-23,중앙선,1205,구리,322989 ,330011 ,89239 ,89700 
May-23,중앙선,1206,도농,273437 ,246464 ,72618 ,70341 
May-23,중앙선,1207,양정,12603 ,10329 ,8628 ,7789 
May-23,중앙선,1208,덕소,123919 ,123158 ,48589 ,48107 
May-23,중앙선,1209,도심,54211 ,40605 ,20334 ,18802 
May-23,중앙선,1210,팔당,22633 ,23511 ,10980 ,10518 
May-23,중앙선,1211,운길산,18067 ,17703 ,15550 ,16151 
May-23,중앙선,1212,양수,42529 ,41427 ,27232 ,26875 
May-23,중앙선,1213,신원,3711 ,3207 ,4445 ,3821 
May-23,중앙선,1214,국수,14350 ,14034 ,10951 ,11121 
May-23,중앙선,1215,아신,13789 ,13728 ,7594 ,7369 
May-23,중앙선,1216,오빈,5547 ,5309 ,5005 ,4997 
May-23,중앙선,1217,양평,67373 ,68476 ,37931 ,38595 
May-23,중앙선,1218,원덕,6126 ,5717 ,7533 ,7183 
May-23,중앙선,1219,용문,35837 ,35387 ,44061 ,43552 
May-23,중앙선,1220,지평,960 ,1235 ,1271 ,1297 
May-23,장항선,1401,봉명,29077 ,28937 ,11263 ,11010 
May-23,장항선,1402,쌍용(나사렛대),76152 ,73291 ,16439 ,15464 
May-23,장항선,1403,아산,134522 ,114186 ,15131 ,14234 
May-23,장항선,1404,탕정,39507 ,35272 ,5918 ,5644 
May-23,장항선,1405,배방,33610 ,33344 ,7933 ,7537 
May-23,장항선,1407,온양온천,96783 ,97344 ,56038 ,55254 
May-23,장항선,1408,신창(순천향대),81857 ,79962 ,8218 ,7669 
May-23,경의선,1252,신촌,25020 ,32870 ,3851 ,4754 
May-23,경의선,1261,효창공원앞,82270 ,88367 ,16148 ,17747 
May-23,경의선,1263,서강대,60516 ,60355 ,12336 ,11584 
May-23,경의선,1265,가좌,134471 ,125304 ,47240 ,47373 
May-23,경의선,1267,수색,62708 ,67526 ,16082 ,15985 
May-23,경의선,1268,화전,88192 ,83012 ,10934 ,10833 
May-23,경의선,1269,강매,80488 ,68414 ,20796 ,19543 
May-23,경의선,1270,행신,212669 ,212068 ,38216 ,39259 
May-23,경의선,1271,능곡,92635 ,82391 ,33945 ,33191 
May-23,경의선,1272,곡산,13325 ,14048 ,5945 ,5899 
May-23,경의선,1273,백마,174708 ,164144 ,36503 ,36127 
May-23,경의선,1274,풍산,136273 ,126575 ,39975 ,39020 
May-23,경의선,1275,일산,234805 ,225480 ,66490 ,67244 
May-23,경의선,1276,탄현,197854 ,183941 ,42748 ,42130 
May-23,경의선,1277,야당,215613 ,219430 ,43043 ,41813 
May-23,경의선,1278,운정,176700 ,160561 ,43824 ,42651 
May-23,경의선,1279,금릉,133993 ,128637 ,33495 ,32770 
May-23,경의선,1280,금촌,158167 ,153025 ,50809 ,51480 
May-23,경의선,1282,월롱,64849 ,58199 ,9612 ,10019 
May-23,경의선,1283,파주,38185 ,28733 ,8551 ,7319 
May-23,경의선,1284,문산,122160 ,120382 ,45904 ,46005 
May-23,경의선,1285,임진강,536 ,497 ,603 ,582 
May-23,경의선,1286,운천,79 ,33 ,146 ,147 
May-23,경의선,1291,서울역,111082 ,140026 ,18556 ,21923 
May-23,경의선,1292,공덕,99996 ,82137 ,15882 ,15284 
May-23,경의선,1293,홍대입구,61368 ,75292 ,6354 ,7191 
May-23,경의선,1294,디지털미디어시티,75583 ,66564 ,14119 ,14209 
May-23,경의선,1295,김포공항,1 ,0 ,0 ,0 
May-23,경의선,1296,계양,4 ,0 ,1 ,0 
May-23,경춘선,1311,신내,49712 ,45846 ,20254 ,19712 
May-23,경춘선,1312,갈매,70288 ,58919 ,24664 ,23046 
May-23,경춘선,1313,별내,75514 ,71008 ,24258 ,22940 
May-23,경춘선,1314,퇴계원,81063 ,72351 ,30843 ,29497 
May-23,경춘선,1315,사릉,55862 ,53406 ,17557 ,17684 
May-23,경춘선,1316,금곡,31538 ,29743 ,17862 ,17674 
May-23,경춘선,1317,평내호평,148576 ,146313 ,50330 ,48275 
May-23,경춘선,1318,천마산,32917 ,29939 ,20275 ,20337 
May-23,경춘선,1319,마석,93636 ,91271 ,39287 ,39601 
May-23,경춘선,1320,대성리,33484 ,34170 ,8776 ,8213 
May-23,경춘선,1321,청평,42425 ,41265 ,22223 ,22134 
May-23,경춘선,1322,상천,6478 ,6126 ,6908 ,6768 
May-23,경춘선,1323,가평,50364 ,49459 ,20578 ,20216 
May-23,경춘선,1324,굴봉산,2384 ,2324 ,3508 ,3349 
May-23,경춘선,1325,백양리,2059 ,1913 ,1479 ,1467 
May-23,경춘선,1326,강촌,14939 ,14253 ,6353 ,6746 
May-23,경춘선,1327,김유정,9631 ,11296 ,5350 ,5628 
May-23,경춘선,1328,남춘천,75548 ,76316 ,28878 ,31038 
May-23,경춘선,1329,춘천,47368 ,42538 ,20599 ,16107 
May-23,수인선,1873,고색,126045 ,124575 ,19427 ,18148 
May-23,수인선,1874,오목천,126057 ,106048 ,16925 ,16344 
May-23,수인선,1875,어천,28008 ,26496 ,7331 ,7783 
May-23,수인선,1876,야목,9684 ,7532 ,2847 ,2423 
May-23,수인선,1877,사리,138136 ,117346 ,21347 ,19725 
May-23,수인선,1878,달월,2136 ,1688 ,1175 ,709 
May-23,수인선,1879,월곶,69846 ,63779 ,18074 ,17792 
May-23,수인선,1880,소래포구,113562 ,105728 ,74484 ,72825 
May-23,수인선,1881,인천논현,132073 ,142445 ,38159 ,38788 
May-23,수인선,1882,호구포,96383 ,99075 ,23129 ,22980 
May-23,수인선,1883,남동인더스파크,50386 ,57126 ,6823 ,7161 
May-23,수인선,1884,원인재,102997 ,107959 ,35256 ,35250 
May-23,수인선,1885,연수,115486 ,113715 ,32740 ,32696 
May-23,수인선,1886,송도,56600 ,49909 ,24859 ,23841 
May-23,수인선,1888,인하대,202437 ,194065 ,30677 ,29428 
May-23,수인선,1889,숭의,93032 ,85899 ,32259 ,30679 
May-23,수인선,1890,신포,43296 ,44153 ,14949 ,15091 
May-23,수인선,1891,인천,22717 ,40519 ,13937 ,18700 
May-23,경강선,1501,판교,141581 ,142446 ,19595 ,17087 
May-23,경강선,1502,이매,29610 ,23895 ,7815 ,7297 
May-23,경강선,1503,삼동,58255 ,52318 ,14169 ,14274 
May-23,경강선,1504,경기광주,208985 ,194769 ,37183 ,36714 
May-23,경강선,1505,초월,85300 ,79953 ,16580 ,16265 
May-23,경강선,1506,곤지암,59375 ,58519 ,16913 ,17019 
May-23,경강선,1507,신둔도예촌,41029 ,37798 ,9589 ,9417 
May-23,경강선,1508,이천,72973 ,77364 ,16136 ,17142 
May-23,경강선,1509,부발,60106 ,58374 ,10630 ,10481 
May-23,경강선,1510,세종대왕릉,7574 ,7624 ,4242 ,4433 
May-23,경강선,1511,여주,70025 ,70113 ,20913 ,20827 
May-23,5호선,2511,방화,147299 ,139200 ,56681 ,55197 
May-23,5호선,2512,개화산,126533 ,120189 ,42503 ,42185 
May-23,5호선,2513,김포공항,207096 ,192471 ,38572 ,41711 
May-23,5호선,2514,송정,138493 ,130379 ,52441 ,50785 
May-23,5호선,2515,마곡,263983 ,270848 ,47165 ,45883 
May-23,5호선,2516,발산,515516 ,546417 ,105788 ,102260 
May-23,5호선,2517,우장산,340325 ,326915 ,102083 ,105618 
May-23,5호선,2518,화곡,700274 ,648108 ,158668 ,152256 
May-23,5호선,2519,까치산,682922 ,643860 ,168567 ,169029 
May-23,5호선,2520,신정(은행정),332669 ,268583 ,66971 ,64715 
May-23,5호선,2521,목동,404169 ,432887 ,87903 ,88750 
May-23,5호선,2522,오목교(목동운동장앞),544084 ,584064 ,92129 ,91280 
May-23,5호선,2523,양평,175905 ,169160 ,30381 ,30247 
May-23,5호선,2524,영등포구청,99254 ,99003 ,21764 ,21076 
May-23,5호선,2525,영등포시장,241220 ,248837 ,79008 ,80970 
May-23,5호선,2526,신길,120001 ,123985 ,12680 ,13210 
May-23,5호선,2527,여의도,710411 ,762903 ,55822 ,53673 
May-23,5호선,2528,여의나루,444122 ,490225 ,34199 ,33176 
May-23,5호선,2529,마포,344036 ,351260 ,64344 ,64389 
May-23,5호선,2530,공덕,358352 ,380995 ,50500 ,47169 
May-23,5호선,2531,애오개,155367 ,152807 ,40346 ,38940 
May-23,5호선,2532,충정로(경기대입구),114642 ,114387 ,14521 ,14759 
May-23,5호선,2533,서대문,484835 ,493275 ,72609 ,68294 
May-23,5호선,2534,광화문(세종문화회관),851390 ,898468 ,87136 ,86701 
May-23,5호선,2535,종로3가,358364 ,349015 ,100473 ,105095 
May-23,5호선,2536,을지로4가,140700 ,146866 ,44515 ,43787 
May-23,5호선,2537,동대문역사문화공원(DDP),74359 ,86492 ,8581 ,9861 
May-23,5호선,2538,청구,89622 ,86681 ,26169 ,21448 
May-23,5호선,2539,신금호,148391 ,154005 ,40713 ,46403 
May-23,5호선,2540,행당,186749 ,163776 ,54733 ,49348 
May-23,5호선,2541,왕십리(성동구청),106784 ,127382 ,25481 ,25428 
May-23,5호선,2542,마장,131977 ,122899 ,42514 ,40892 
May-23,5호선,2543,답십리,370025 ,331723 ,87177 ,84355 
May-23,5호선,2544,장한평,447266 ,438670 ,98707 ,100095 
May-23,5호선,2545,군자(능동),303588 ,336680 ,44509 ,46582 
May-23,5호선,2546,아차산(어린이대공원후문),358345 ,342369 ,106457 ,104456 
May-23,5호선,2547,광나루(장신대),349222 ,323440 ,77703 ,74424 
May-23,5호선,2548,천호(풍납토성),430877 ,420397 ,144325 ,147910 
May-23,5호선,2549,강동,421974 ,406578 ,110667 ,108263 
May-23,5호선,2550,길동,162105 ,167766 ,79076 ,80582 
May-23,5호선,2551,굽은다리(강동구민회관앞),205959 ,198025 ,77929 ,72947 
May-23,5호선,2552,명일,191413 ,194482 ,75270 ,77610 
May-23,5호선,2553,고덕,217775 ,215513 ,77512 ,76748 
May-23,5호선,2554,상일동,330384 ,308062 ,96341 ,92976 
May-23,5호선,2555,둔촌동,193106 ,192200 ,68357 ,68861 
May-23,5호선,2556,올림픽공원(한국체대),121926 ,108617 ,41261 ,37707 
May-23,5호선,2557,방이,163963 ,168603 ,49695 ,49269 
May-23,5호선,2558,오금,84235 ,84672 ,22642 ,21504 
May-23,5호선,2559,개롱,140399 ,146586 ,51679 ,52619 
May-23,5호선,2560,거여,233519 ,221771 ,68388 ,66571 
May-23,5호선,2561,마천,163421 ,150886 ,60823 ,62558 
May-23,5호선,2562,강일,121318 ,108065 ,42384 ,40708 
May-23,5호선,2563,미사,425859 ,435939 ,84602 ,84654 
May-23,5호선,2564,하남풍산,98656 ,98467 ,31574 ,31290 
May-23,5호선,2565,하남시청(덕풍·신장),162530 ,153152 ,75287 ,75404 
May-23,5호선,2566,하남검단산,147314 ,138453 ,53361 ,52627 
May-23,6호선,2611,응암,399392 ,394208 ,125498 ,124084 
May-23,6호선,2612,역촌,77684 ,98396 ,34940 ,33895 
May-23,6호선,2613,불광,95222 ,97808 ,43349 ,35586 
May-23,6호선,2614,독바위,60144 ,60107 ,21266 ,26048 
May-23,6호선,2615,연신내,20 ,0 ,1 ,0 
May-23,6호선,2616,구산,180102 ,117106 ,55698 ,57882 
May-23,6호선,2617,새절(신사),292072 ,266302 ,92855 ,92788 
May-23,6호선,2618,증산(명지대앞),225748 ,223732 ,76250 ,76402 
May-23,6호선,2619,디지털미디어시티,358640 ,389822 ,63167 ,64492 
May-23,6호선,2620,월드컵경기장(성산),134277 ,145900 ,58686 ,57727 
May-23,6호선,2621,마포구청,344211 ,303196 ,82666 ,74743 
May-23,6호선,2622,망원,364038 ,390732 ,84815 ,88782 
May-23,6호선,2623,합정,377701 ,373608 ,42915 ,39716 
May-23,6호선,2624,상수,300498 ,346652 ,22500 ,22931 
May-23,6호선,2625,광흥창(서강),216313 ,207325 ,50991 ,50563 
May-23,6호선,2626,대흥(서강대앞),233509 ,243765 ,50396 ,50019 
May-23,6호선,2627,공덕,459345 ,447915 ,79377 ,74507 
May-23,6호선,2628,효창공원앞,184133 ,172398 ,40892 ,37893 
May-23,6호선,2629,삼각지,213052 ,182272 ,21530 ,17830 
May-23,6호선,2630,녹사평(용산구청),142297 ,143413 ,19312 ,18878 
May-23,6호선,2631,이태원,334868 ,355217 ,34292 ,34903 
May-23,6호선,2632,한강진,286500 ,343880 ,20004 ,19936 
May-23,6호선,2633,버티고개,50193 ,47392 ,14803 ,17298 
May-23,6호선,2634,약수,88413 ,87003 ,23663 ,23225 
May-23,6호선,2635,청구,92063 ,89065 ,21037 ,23754 
May-23,6호선,2636,신당,218043 ,223456 ,40577 ,38833 
May-23,6호선,2637,동묘앞,187451 ,195997 ,71316 ,66738 
May-23,6호선,2638,창신,89534 ,75785 ,19770 ,18978 
May-23,6호선,2639,보문,207734 ,189803 ,33297 ,31556 
May-23,6호선,2640,안암(고대병원앞),400830 ,413622 ,39270 ,38894 
May-23,6호선,2641,고려대(종암),249904 ,238741 ,37469 ,37070 
May-23,6호선,2642,월곡(동덕여대),307654 ,294003 ,74247 ,72890 
May-23,6호선,2643,상월곡(한국과학기술연구원),159818 ,147335 ,42898 ,41306 
May-23,6호선,2644,돌곶이,236638 ,212844 ,66934 ,66089 
May-23,6호선,2645,석계,292566 ,309153 ,84349 ,83344 
May-23,6호선,2646,태릉입구,161688 ,199053 ,51395 ,58172 
May-23,6호선,2647,화랑대(서울여대입구),326065 ,245813 ,51926 ,46281 
May-23,6호선,2648,봉화산(서울의료원),208519 ,194158 ,52862 ,52250 
May-23,6호선,2649,신내,18 ,0 ,2 ,0 
May-23,7호선,2711,장암,64988 ,26379 ,13343 ,10071 
May-23,7호선,2712,도봉산,228358 ,258203 ,56870 ,79304 
May-23,7호선,2713,수락산,282040 ,273109 ,107631 ,108772 
May-23,7호선,2714,마들,298970 ,272392 ,93873 ,92083 
May-23,7호선,2715,노원,477396 ,515276 ,134659 ,137076 
May-23,7호선,2716,중계,346541 ,310189 ,102599 ,98464 
May-23,7호선,2717,하계,436831 ,405674 ,119852 ,116080 
May-23,7호선,2718,공릉(서울과학기술대),299699 ,294115 ,77155 ,77458 
May-23,7호선,2719,태릉입구,279770 ,277928 ,72613 ,69854 
May-23,7호선,2720,먹골,247983 ,238031 ,78343 ,78800 
May-23,7호선,2721,중화,267570 ,254473 ,76049 ,73396 
May-23,7호선,2722,상봉(시외버스터미널),432768 ,415268 ,78702 ,75306 
May-23,7호선,2723,면목,373748 ,351318 ,101373 ,104051 
May-23,7호선,2724,사가정,384002 ,380658 ,109683 ,109201 
May-23,7호선,2725,용마산(용마폭포공원),140240 ,133299 ,38243 ,41703 
May-23,7호선,2726,중곡,254443 ,232346 ,65753 ,66418 
May-23,7호선,2727,군자(능동),367099 ,279384 ,84581 ,72599 
May-23,7호선,2728,어린이대공원(세종대),506506 ,525562 ,48591 ,47992 
May-23,7호선,2729,건대입구,365058 ,395209 ,62050 ,56554 
May-23,7호선,2730,뚝섬유원지,316851 ,306716 ,49829 ,49847 
May-23,7호선,2731,청담,471763 ,524969 ,79233 ,76835 
May-23,7호선,2732,강남구청,408498 ,458740 ,54632 ,56092 
May-23,7호선,2733,학동,576162 ,617610 ,63683 ,61450 
May-23,7호선,2734,논현,455995 ,470485 ,44431 ,43270 
May-23,7호선,2735,반포,149112 ,145781 ,37958 ,36574 
May-23,7호선,2736,고속터미널,472039 ,367993 ,80513 ,69920 
May-23,7호선,2737,내방,342676 ,349606 ,78436 ,76369 
May-23,7호선,2738,이수,390525 ,380321 ,78907 ,76346 
May-23,7호선,2739,남성,268572 ,245852 ,77551 ,76387 
May-23,7호선,2740,숭실대입구(살피재),399336 ,400376 ,68695 ,71242 
May-23,7호선,2741,상도,308607 ,304963 ,66067 ,63264 
May-23,7호선,2742,장승배기,200463 ,193308 ,72190 ,72758 
May-23,7호선,2743,신대방삼거리,352372 ,327894 ,94537 ,96631 
May-23,7호선,2744,보라매,176595 ,182069 ,35464 ,37182 
May-23,7호선,2745,신풍,263898 ,244136 ,76858 ,75585 
May-23,7호선,2746,대림(구로구청),233799 ,235409 ,43153 ,42084 
May-23,7호선,2747,남구로,365438 ,383979 ,64710 ,65042 
May-23,7호선,2748,가산디지털단지,1065480 ,1066894 ,99114 ,93108 
May-23,7호선,2749,철산,526137 ,532556 ,106857 ,105525 
May-23,7호선,2750,광명사거리,468569 ,452515 ,157214 ,162953 
May-23,7호선,2751,천왕,275530 ,259553 ,61834 ,61421 
May-23,7호선,2752,온수(성공회대입구),258302 ,242427 ,43485 ,41565 
May-23,7호선,2756,신중동,3 ,0 ,0 ,0 
May-23,7호선,2759,삼산체육관,1 ,0 ,0 ,0 
May-23,8호선,2811,암사,439583 ,376440 ,111690 ,109670 
May-23,8호선,2812,천호(풍납토성),348703 ,419751 ,88844 ,84806 
May-23,8호선,2813,강동구청,233642 ,240593 ,69201 ,69766 
May-23,8호선,2814,몽촌토성(평화의문),170589 ,175630 ,37460 ,36830 
May-23,8호선,2815,잠실(송파구청),384788 ,472101 ,76440 ,74487 
May-23,8호선,2816,석촌,176097 ,212242 ,53020 ,56789 
May-23,8호선,2817,송파,204341 ,197448 ,66046 ,65123 
May-23,8호선,2818,가락시장,157833 ,179747 ,63332 ,64857 
May-23,8호선,2819,문정,502654 ,528608 ,61769 ,61611 
May-23,8호선,2820,장지,424194 ,397359 ,86817 ,81904 
May-23,8호선,2821,복정,237829 ,199607 ,42211 ,37670 
May-23,8호선,2822,산성,126941 ,124546 ,34292 ,37274 
May-23,8호선,2823,남한산성입구(성남법원.검찰청),349295 ,312270 ,83989 ,79209 
May-23,8호선,2824,단대오거리,295838 ,279863 ,82514 ,80023 
May-23,8호선,2825,신흥,112383 ,118285 ,44354 ,46181 
May-23,8호선,2826,수진,117323 ,105098 ,48251 ,47514 
May-23,8호선,2827,모란,92368 ,77120 ,63716 ,49387 
May-23,8호선,2828,남위례,168791 ,175194 ,33688 ,33366 
May-23,9호선,4101,개화,69191 ,43375 ,15193 ,12580 
May-23,9호선,4102,김포공항,215697 ,313860 ,21380 ,26574 
May-23,9호선,4103,공항시장,62753 ,65792 ,24994 ,26948 
May-23,9호선,4104,신방화,151948 ,145793 ,49199 ,49032 
May-23,9호선,4105,마곡나루(서울식물원),336401 ,330908 ,36990 ,36063 
May-23,9호선,4106,양천향교,235401 ,239087 ,48304 ,48015 
May-23,9호선,4107,가양,498495 ,481173 ,140119 ,136597 
May-23,9호선,4108,증미,173435 ,162751 ,36610 ,36973 
May-23,9호선,4109,등촌,251356 ,233430 ,87473 ,87227 
May-23,9호선,4110,염창,442888 ,425419 ,77785 ,76548 
May-23,9호선,4111,신목동,103256 ,87210 ,25018 ,23521 
May-23,9호선,4112,선유도,214693 ,201527 ,31826 ,31062 
May-23,9호선,4113,당산,495111 ,497041 ,70979 ,66658 
May-23,9호선,4114,국회의사당,377172 ,400857 ,61499 ,55756 
May-23,9호선,4115,여의도,724037 ,705386 ,51720 ,47643 
May-23,9호선,4116,샛강,146174 ,146664 ,29884 ,29408 
May-23,9호선,4117,노량진,693042 ,675147 ,89434 ,89642 
May-23,9호선,4118,노들,111634 ,90345 ,35638 ,32607 
May-23,9호선,4119,흑석(중앙대입구),248042 ,249614 ,59725 ,60559 
May-23,9호선,4120,동작(현충원),49401 ,40083 ,14838 ,13360 
May-23,9호선,4121,구반포,22360 ,24295 ,10046 ,10075 
May-23,9호선,4122,신반포,103144 ,110510 ,26665 ,27015 
May-23,9호선,4123,고속터미널,428354 ,591686 ,70099 ,82783 
May-23,9호선,4124,사평,90546 ,85467 ,24548 ,24405 
May-23,9호선,4125,신논현,850323 ,833494 ,55248 ,53903 
May-23,공항철도 1호선,4201,서울역,361307 ,327907 ,37774 ,33603 
May-23,공항철도 1호선,4202,공덕,67881 ,93908 ,8575 ,10501 
May-23,공항철도 1호선,4203,홍대입구,406664 ,397471 ,20275 ,18783 
May-23,공항철도 1호선,4204,디지털미디어시티,354758 ,333300 ,28649 ,26940 
May-23,공항철도 1호선,4206,마곡나루(서울식물원),271045 ,262910 ,17937 ,18488 
May-23,공항철도 1호선,4207,김포공항,321668 ,174415 ,26519 ,17494 
May-23,공항철도 1호선,4208,계양,341901 ,315460 ,37300 ,34727 
May-23,공항철도 1호선,4209,검암,177790 ,179366 ,19238 ,19435 
May-23,공항철도 1호선,4210,청라국제도시,189898 ,179940 ,14957 ,14887 
May-23,공항철도 1호선,4211,운서,239280 ,250833 ,33036 ,33350 
May-23,공항철도 1호선,4212,공항화물청사,52184 ,55254 ,9953 ,9720 
May-23,공항철도 1호선,4213,인천공항1터미널,365625 ,350473 ,34330 ,31784 
May-23,공항철도 1호선,4215,인천공항2터미널,128291 ,113503 ,13556 ,12042 
May-23,공항철도 1호선,4217,영종,99989 ,101409 ,24386 ,24278 
May-23,9호선2~3단계,4126,언주,272097 ,278227 ,30802 ,30549 
May-23,9호선2~3단계,4127,선정릉,250077 ,275287 ,28271 ,29531 
May-23,9호선2~3단계,4128,삼성중앙,181656 ,189184 ,28517 ,27678 
May-23,9호선2~3단계,4129,봉은사,544387 ,572113 ,62506 ,60069 
May-23,9호선2~3단계,4130,종합운동장,119213 ,121626 ,24776 ,22815 
May-23,9호선2~3단계,4131,삼전,172022 ,161582 ,39105 ,38091 
May-23,9호선2~3단계,4132,석촌고분,156506 ,149396 ,40211 ,40387 
May-23,9호선2~3단계,4133,석촌,232911 ,207105 ,40505 ,35973 
May-23,9호선2~3단계,4134,송파나루,125460 ,134890 ,29799 ,31073 
May-23,9호선2~3단계,4135,한성백제,71203 ,63801 ,19522 ,17811 
May-23,9호선2~3단계,4136,올림픽공원(한국체대),245175 ,252878 ,37712 ,36717 
May-23,9호선2~3단계,4137,둔촌오륜,25580 ,24434 ,6905 ,7431 
May-23,9호선2~3단계,4138,중앙보훈병원,246571 ,211437 ,81779 ,80066 
May-23,우이신설선,4701,북한산우이,67515 ,59696 ,41950 ,43534 
May-23,우이신설선,4702,솔밭공원,50155 ,42676 ,31752 ,32836 
May-23,우이신설선,4703,4.19민주묘지,82324 ,83229 ,41060 ,36450 
May-23,우이신설선,4704,가오리,76759 ,71990 ,52855 ,54247 
May-23,우이신설선,4705,화계,62012 ,54961 ,47618 ,47818 
May-23,우이신설선,4706,삼양,32728 ,32695 ,28885 ,31714 
May-23,우이신설선,4707,삼양사거리,39310 ,38435 ,38532 ,38295 
May-23,우이신설선,4708,솔샘,135044 ,123329 ,41992 ,43945 
May-23,우이신설선,4709,북한산보국문,158116 ,144137 ,47299 ,46732 
May-23,우이신설선,4710,정릉,101532 ,88628 ,50146 ,47000 
May-23,우이신설선,4711,성신여대입구(돈암),78360 ,93668 ,31251 ,30904 
May-23,우이신설선,4712,보문,32476 ,33825 ,16599 ,16186 
May-23,우이신설선,4713,신설동,36896 ,37556 ,31331 ,27893 
May-23,신림선,4401,샛강,61469 ,75645 ,14801 ,14118 
May-23,신림선,4402,대방,66776 ,48360 ,16902 ,14100 
May-23,신림선,4403,서울지방병무청,61467 ,64694 ,23251 ,25289 
May-23,신림선,4404,보라매,86713 ,80279 ,23694 ,20621 
May-23,신림선,4405,보라매공원,45452 ,49047 ,16691 ,17874 
May-23,신림선,4406,보라매병원,139373 ,147316 ,48533 ,48366 
May-23,신림선,4407,당곡,94024 ,89747 ,36625 ,35497 
May-23,신림선,4408,신림,35033 ,54050 ,15655 ,19278 
May-23,신림선,4409,서원,77294 ,61520 ,24076 ,23539 
May-23,신림선,4410,서울대벤처타운,211416 ,188700 ,63498 ,63625 
May-23,신림선,4411,관악산(서울대),65957 ,69791 ,39175 ,39460 
